{"boundaryID": "NAM-ADM1-84003971", "boundaryISO": "NAM", "boundaryYear": "2017", "boundaryType": "ADM1", "boundarySource": "OpenStreetMap, Wambacher", "boundaryCanonical": "", "boundaryLicense": "Open Data Commons Open Database License 1.0", "licenseDetail": "Open Data Commons Open Database License 1.0", "licenseSource": "https//www.openstreetmap.org/copyright", "boundarySourceURL": "https//wambachers-osm.website/boundaries/", "sourceDataUpdateDate": "Thu Jan 19 07:31:04 2023", "buildDate": "Jan 23, 2023", "admUnitCount": "14", "meanVertices": "4963.0", "minVertices": "106", "maxVertices": "33571", "meanPerimeterLengthKM": "1373.5588278158214", "maxPerimeterLengthKM": "2419.15097568831", "minPerimeterLengthKM": "597.6371758929319", "meanAreaSqKM": "58848.29343910852", "minAreaSqKM": "8673.638040246511", "maxAreaSqKM": "161434.55859438205"}